<?xml version="1.0" encoding="UTF-8"?>
<GenRun Id="memoria1_synth_1" LaunchPart="xc7a35tcpg236-1" LaunchTime="1607855611">
  <File Type="PA-TCL" Name="memoria1.tcl"/>
  <File Type="RDS-PROPCONSTRS" Name="memoria1_drc_synth.rpt"/>
  <File Type="REPORTS-TCL" Name="memoria1_reports.tcl"/>
  <File Type="RDS-RDS" Name="memoria1.vds"/>
  <File Type="RDS-UTIL" Name="memoria1_utilization_synth.rpt"/>
  <File Type="RDS-UTIL-PB" Name="memoria1_utilization_synth.pb"/>
  <File Type="RDS-DCP" Name="memoria1.dcp"/>
  <File Type="VDS-TIMINGSUMMARY" Name="memoria1_timing_summary_synth.rpt"/>
  <File Type="VDS-TIMING-PB" Name="memoria1_timing_summary_synth.pb"/>
  <FileSet Name="sources" Type="BlockSrcs" RelSrcDir="$PSRCDIR/memoria1">
    <File Path="$PSRCDIR/sources_1/ip/memoria1/memoria1.xci">
      <FileInfo>
        <Attr Name="UsedIn" Val="synthesis"/>
        <Attr Name="UsedIn" Val="implementation"/>
        <Attr Name="UsedIn" Val="simulation"/>
      </FileInfo>
    </File>
    <Config>
      <Option Name="TopModule" Val="memoria1"/>
      <Option Name="UseBlackboxStub" Val="1"/>
    </Config>
  </FileSet>
  <FileSet Name="constrs_in" Type="BlockSrcs" RelSrcDir="$PSRCDIR/memoria1">
    <File Path="$PSRCDIR/sources_1/ip/memoria1/memoria1.xci">
      <FileInfo>
        <Attr Name="UsedIn" Val="synthesis"/>
        <Attr Name="UsedIn" Val="implementation"/>
        <Attr Name="UsedIn" Val="simulation"/>
      </FileInfo>
    </File>
    <Config>
      <Option Name="TopModule" Val="memoria1"/>
      <Option Name="UseBlackboxStub" Val="1"/>
    </Config>
  </FileSet>
  <FileSet Name="utils" Type="Utils" RelSrcDir="$PSRCDIR/utils_1">
    <Filter Type="Utils"/>
    <Config>
      <Option Name="TopAutoSet" Val="TRUE"/>
    </Config>
  </FileSet>
  <Strategy Version="1" Minor="2">
    <StratHandle Name="Vivado Synthesis Defaults" Flow="Vivado Synthesis 2019">
      <Desc>Vivado Synthesis Defaults</Desc>
    </StratHandle>
    <Step Id="synth_design"/>
  </Strategy>
</GenRun>
