<?xml version="1.0" encoding="UTF-8"?>
<GenRun Id="impl_1" LaunchPart="xc7a35tcpg236-1" LaunchTime="1602942567">
  <File Type="ROUTE-PWR" Name="registro_paralelo_power_routed.rpt"/>
  <File Type="PA-TCL" Name="registro_paralelo.tcl"/>
  <File Type="BITSTR-BMM" Name="registro_paralelo_bd.bmm"/>
  <File Type="ROUTE-PWR-SUM" Name="registro_paralelo_power_summary_routed.pb"/>
  <File Type="REPORTS-TCL" Name="registro_paralelo_reports.tcl"/>
  <File Type="OPT-DCP" Name="registro_paralelo_opt.dcp"/>
  <File Type="OPT-DRC" Name="registro_paralelo_drc_opted.rpt"/>
  <File Type="OPT-HWDEF" Name="registro_paralelo.hwdef"/>
  <File Type="PWROPT-DCP" Name="registro_paralelo_pwropt.dcp"/>
  <File Type="PLACE-DCP" Name="registro_paralelo_placed.dcp"/>
  <File Type="PLACE-IO" Name="registro_paralelo_io_placed.rpt"/>
  <File Type="PLACE-UTIL" Name="registro_paralelo_utilization_placed.rpt"/>
  <File Type="PLACE-UTIL-PB" Name="registro_paralelo_utilization_placed.pb"/>
  <File Type="PLACE-CTRL" Name="registro_paralelo_control_sets_placed.rpt"/>
  <File Type="PLACE-PRE-SIMILARITY" Name="registro_paralelo_incremental_reuse_pre_placed.rpt"/>
  <File Type="BG-BGN" Name="registro_paralelo.bgn"/>
  <File Type="POSTPLACE-PWROPT-DCP" Name="registro_paralelo_postplace_pwropt.dcp"/>
  <File Type="BG-BIN" Name="registro_paralelo.bin"/>
  <File Type="PHYSOPT-DCP" Name="registro_paralelo_physopt.dcp"/>
  <File Type="BITSTR-MSK" Name="registro_paralelo.msk"/>
  <File Type="ROUTE-ERROR-DCP" Name="registro_paralelo_routed_error.dcp"/>
  <File Type="ROUTE-DCP" Name="registro_paralelo_routed.dcp"/>
  <File Type="ROUTE-BLACKBOX-DCP" Name="registro_paralelo_routed_bb.dcp"/>
  <File Type="ROUTE-DRC" Name="registro_paralelo_drc_routed.rpt"/>
  <File Type="ROUTE-DRC-PB" Name="registro_paralelo_drc_routed.pb"/>
  <File Type="ROUTE-DRC-RPX" Name="registro_paralelo_drc_routed.rpx"/>
  <File Type="BITSTR-LTX" Name="registro_paralelo.ltx"/>
  <File Type="ROUTE-METHODOLOGY-DRC" Name="registro_paralelo_methodology_drc_routed.rpt"/>
  <File Type="BITSTR-MMI" Name="registro_paralelo.mmi"/>
  <File Type="ROUTE-METHODOLOGY-DRC-RPX" Name="registro_paralelo_methodology_drc_routed.rpx"/>
  <File Type="ROUTE-METHODOLOGY-DRC-PB" Name="registro_paralelo_methodology_drc_routed.pb"/>
  <File Type="BITSTR-SYSDEF" Name="registro_paralelo.sysdef"/>
  <File Type="ROUTE-PWR-RPX" Name="registro_paralelo_power_routed.rpx"/>
  <File Type="ROUTE-STATUS" Name="registro_paralelo_route_status.rpt"/>
  <File Type="ROUTE-STATUS-PB" Name="registro_paralelo_route_status.pb"/>
  <File Type="ROUTE-TIMINGSUMMARY" Name="registro_paralelo_timing_summary_routed.rpt"/>
  <File Type="ROUTE-TIMING-PB" Name="registro_paralelo_timing_summary_routed.pb"/>
  <File Type="ROUTE-TIMING-RPX" Name="registro_paralelo_timing_summary_routed.rpx"/>
  <File Type="ROUTE-CLK" Name="registro_paralelo_clock_utilization_routed.rpt"/>
  <File Type="ROUTE-BUS-SKEW" Name="registro_paralelo_bus_skew_routed.rpt"/>
  <File Type="ROUTE-BUS-SKEW-PB" Name="registro_paralelo_bus_skew_routed.pb"/>
  <File Type="ROUTE-BUS-SKEW-RPX" Name="registro_paralelo_bus_skew_routed.rpx"/>
  <File Type="POSTROUTE-PHYSOPT-DCP" Name="registro_paralelo_postroute_physopt.dcp"/>
  <File Type="POSTROUTE-PHYSOPT-BLACKBOX-DCP" Name="registro_paralelo_postroute_physopt_bb.dcp"/>
  <File Type="BG-BIT" Name="registro_paralelo.bit"/>
  <File Type="BITSTR-RBT" Name="registro_paralelo.rbt"/>
  <File Type="BITSTR-NKY" Name="registro_paralelo.nky"/>
  <File Type="BG-DRC" Name="registro_paralelo.drc"/>
  <File Type="RDI-RDI" Name="registro_paralelo.vdi"/>
  <File Type="WBT-USG" Name="usage_statistics_webtalk.html"/>
  <FileSet Name="sources" Type="DesignSrcs" RelSrcDir="$PSRCDIR/sources_1">
    <Filter Type="Srcs"/>
    <File Path="$PSRCDIR/sources_1/new/register.vhd">
      <FileInfo>
        <Attr Name="UsedIn" Val="synthesis"/>
        <Attr Name="UsedIn" Val="simulation"/>
      </FileInfo>
    </File>
    <Config>
      <Option Name="DesignMode" Val="RTL"/>
      <Option Name="TopModule" Val="registro_paralelo"/>
    </Config>
  </FileSet>
  <FileSet Name="constrs_in" Type="Constrs" RelSrcDir="$PSRCDIR/constrs_1">
    <Filter Type="Constrs"/>
    <File Path="$PSRCDIR/constrs_1/new/pins_registro.xdc">
      <FileInfo>
        <Attr Name="UsedIn" Val="synthesis"/>
        <Attr Name="UsedIn" Val="implementation"/>
      </FileInfo>
    </File>
    <Config>
      <Option Name="ConstrsType" Val="XDC"/>
    </Config>
  </FileSet>
  <FileSet Name="utils" Type="Utils" RelSrcDir="$PSRCDIR/utils_1">
    <Filter Type="Utils"/>
    <Config>
      <Option Name="TopAutoSet" Val="TRUE"/>
    </Config>
  </FileSet>
  <Strategy Version="1" Minor="2">
    <StratHandle Name="Vivado Implementation Defaults" Flow="Vivado Implementation 2019"/>
    <Step Id="init_design"/>
    <Step Id="opt_design"/>
    <Step Id="power_opt_design"/>
    <Step Id="place_design"/>
    <Step Id="post_place_power_opt_design"/>
    <Step Id="phys_opt_design"/>
    <Step Id="route_design"/>
    <Step Id="post_route_phys_opt_design"/>
    <Step Id="write_bitstream"/>
  </Strategy>
</GenRun>
