<?xml version="1.0" encoding="UTF-8"?>
<GenRun Id="impl_1" LaunchPart="xc7a35tcpg236-1" LaunchTime="1602934056">
  <File Type="ROUTE-PWR" Name="adder4b_power_routed.rpt"/>
  <File Type="PA-TCL" Name="adder4b.tcl"/>
  <File Type="BITSTR-BMM" Name="adder4b_bd.bmm"/>
  <File Type="ROUTE-PWR-SUM" Name="adder4b_power_summary_routed.pb"/>
  <File Type="REPORTS-TCL" Name="adder4b_reports.tcl"/>
  <File Type="OPT-DCP" Name="adder4b_opt.dcp"/>
  <File Type="OPT-DRC" Name="adder4b_drc_opted.rpt"/>
  <File Type="OPT-HWDEF" Name="adder4b.hwdef"/>
  <File Type="PWROPT-DCP" Name="adder4b_pwropt.dcp"/>
  <File Type="PLACE-DCP" Name="adder4b_placed.dcp"/>
  <File Type="PLACE-IO" Name="adder4b_io_placed.rpt"/>
  <File Type="PLACE-UTIL" Name="adder4b_utilization_placed.rpt"/>
  <File Type="PLACE-UTIL-PB" Name="adder4b_utilization_placed.pb"/>
  <File Type="PLACE-CTRL" Name="adder4b_control_sets_placed.rpt"/>
  <File Type="PLACE-PRE-SIMILARITY" Name="adder4b_incremental_reuse_pre_placed.rpt"/>
  <File Type="BG-BGN" Name="adder4b.bgn"/>
  <File Type="POSTPLACE-PWROPT-DCP" Name="adder4b_postplace_pwropt.dcp"/>
  <File Type="BG-BIN" Name="adder4b.bin"/>
  <File Type="PHYSOPT-DCP" Name="adder4b_physopt.dcp"/>
  <File Type="BITSTR-MSK" Name="adder4b.msk"/>
  <File Type="ROUTE-ERROR-DCP" Name="adder4b_routed_error.dcp"/>
  <File Type="ROUTE-DCP" Name="adder4b_routed.dcp"/>
  <File Type="ROUTE-BLACKBOX-DCP" Name="adder4b_routed_bb.dcp"/>
  <File Type="ROUTE-DRC" Name="adder4b_drc_routed.rpt"/>
  <File Type="ROUTE-DRC-PB" Name="adder4b_drc_routed.pb"/>
  <File Type="ROUTE-DRC-RPX" Name="adder4b_drc_routed.rpx"/>
  <File Type="BITSTR-LTX" Name="adder4b.ltx"/>
  <File Type="ROUTE-METHODOLOGY-DRC" Name="adder4b_methodology_drc_routed.rpt"/>
  <File Type="BITSTR-MMI" Name="adder4b.mmi"/>
  <File Type="ROUTE-METHODOLOGY-DRC-RPX" Name="adder4b_methodology_drc_routed.rpx"/>
  <File Type="ROUTE-METHODOLOGY-DRC-PB" Name="adder4b_methodology_drc_routed.pb"/>
  <File Type="BITSTR-SYSDEF" Name="adder4b.sysdef"/>
  <File Type="ROUTE-PWR-RPX" Name="adder4b_power_routed.rpx"/>
  <File Type="ROUTE-STATUS" Name="adder4b_route_status.rpt"/>
  <File Type="ROUTE-STATUS-PB" Name="adder4b_route_status.pb"/>
  <File Type="ROUTE-TIMINGSUMMARY" Name="adder4b_timing_summary_routed.rpt"/>
  <File Type="ROUTE-TIMING-PB" Name="adder4b_timing_summary_routed.pb"/>
  <File Type="ROUTE-TIMING-RPX" Name="adder4b_timing_summary_routed.rpx"/>
  <File Type="ROUTE-CLK" Name="adder4b_clock_utilization_routed.rpt"/>
  <File Type="ROUTE-BUS-SKEW" Name="adder4b_bus_skew_routed.rpt"/>
  <File Type="ROUTE-BUS-SKEW-PB" Name="adder4b_bus_skew_routed.pb"/>
  <File Type="ROUTE-BUS-SKEW-RPX" Name="adder4b_bus_skew_routed.rpx"/>
  <File Type="POSTROUTE-PHYSOPT-DCP" Name="adder4b_postroute_physopt.dcp"/>
  <File Type="POSTROUTE-PHYSOPT-BLACKBOX-DCP" Name="adder4b_postroute_physopt_bb.dcp"/>
  <File Type="BG-BIT" Name="adder4b.bit"/>
  <File Type="BITSTR-RBT" Name="adder4b.rbt"/>
  <File Type="BITSTR-NKY" Name="adder4b.nky"/>
  <File Type="BG-DRC" Name="adder4b.drc"/>
  <File Type="RDI-RDI" Name="adder4b.vdi"/>
  <File Type="WBT-USG" Name="usage_statistics_webtalk.html"/>
  <FileSet Name="sources" Type="DesignSrcs" RelSrcDir="$PSRCDIR/sources_1">
    <Filter Type="Srcs"/>
    <File Path="$PSRCDIR/sources_1/new/adder.vhd">
      <FileInfo>
        <Attr Name="UsedIn" Val="synthesis"/>
        <Attr Name="UsedIn" Val="simulation"/>
      </FileInfo>
    </File>
    <File Path="$PSRCDIR/sources_1/new/diveder.vhd">
      <FileInfo>
        <Attr Name="AutoDisabled" Val="1"/>
        <Attr Name="UsedIn" Val="synthesis"/>
        <Attr Name="UsedIn" Val="simulation"/>
      </FileInfo>
    </File>
    <Config>
      <Option Name="DesignMode" Val="RTL"/>
      <Option Name="TopModule" Val="adder4b"/>
      <Option Name="TopAutoSet" Val="TRUE"/>
    </Config>
  </FileSet>
  <FileSet Name="constrs_in" Type="Constrs" RelSrcDir="$PSRCDIR/constrs_1">
    <Filter Type="Constrs"/>
    <File Path="$PSRCDIR/constrs_1/new/pins.xdc">
      <FileInfo>
        <Attr Name="UsedIn" Val="synthesis"/>
        <Attr Name="UsedIn" Val="implementation"/>
      </FileInfo>
    </File>
    <Config>
      <Option Name="ConstrsType" Val="XDC"/>
    </Config>
  </FileSet>
  <FileSet Name="utils" Type="Utils" RelSrcDir="$PSRCDIR/utils_1">
    <Filter Type="Utils"/>
    <Config>
      <Option Name="TopAutoSet" Val="TRUE"/>
    </Config>
  </FileSet>
  <Strategy Version="1" Minor="2">
    <StratHandle Name="Vivado Implementation Defaults" Flow="Vivado Implementation 2019"/>
    <Step Id="init_design"/>
    <Step Id="opt_design"/>
    <Step Id="power_opt_design"/>
    <Step Id="place_design"/>
    <Step Id="post_place_power_opt_design"/>
    <Step Id="phys_opt_design"/>
    <Step Id="route_design"/>
    <Step Id="post_route_phys_opt_design"/>
    <Step Id="write_bitstream"/>
  </Strategy>
</GenRun>
