<?xml version="1.0" encoding="UTF-8"?>
<GenRun Id="impl_1" LaunchPart="xc7a35tcpg236-1" LaunchTime="1606506352">
  <File Type="BITSTR-BMM" Name="multiplicador_bd.bmm"/>
  <File Type="OPT-METHODOLOGY-DRC" Name="multiplicador_methodology_drc_opted.rpt"/>
  <File Type="INIT-TIMING" Name="multiplicador_timing_summary_init.rpt"/>
  <File Type="ROUTE-PWR" Name="multiplicador_power_routed.rpt"/>
  <File Type="PA-TCL" Name="multiplicador.tcl"/>
  <File Type="OPT-TIMING" Name="multiplicador_timing_summary_opted.rpt"/>
  <File Type="OPT-DCP" Name="multiplicador_opt.dcp"/>
  <File Type="ROUTE-PWR-SUM" Name="multiplicador_power_summary_routed.pb"/>
  <File Type="REPORTS-TCL" Name="multiplicador_reports.tcl"/>
  <File Type="OPT-DRC" Name="multiplicador_drc_opted.rpt"/>
  <File Type="OPT-HWDEF" Name="multiplicador.hwdef"/>
  <File Type="PWROPT-DCP" Name="multiplicador_pwropt.dcp"/>
  <File Type="PWROPT-DRC" Name="multiplicador_drc_pwropted.rpt"/>
  <File Type="PWROPT-TIMING" Name="multiplicador_timing_summary_pwropted.rpt"/>
  <File Type="PLACE-DCP" Name="multiplicador_placed.dcp"/>
  <File Type="PLACE-IO" Name="multiplicador_io_placed.rpt"/>
  <File Type="PLACE-CLK" Name="multiplicador_clock_utilization_placed.rpt"/>
  <File Type="PLACE-UTIL" Name="multiplicador_utilization_placed.rpt"/>
  <File Type="PLACE-UTIL-PB" Name="multiplicador_utilization_placed.pb"/>
  <File Type="PLACE-CTRL" Name="multiplicador_control_sets_placed.rpt"/>
  <File Type="PLACE-SIMILARITY" Name="multiplicador_incremental_reuse_placed.rpt"/>
  <File Type="PLACE-PRE-SIMILARITY" Name="multiplicador_incremental_reuse_pre_placed.rpt"/>
  <File Type="BG-BGN" Name="multiplicador.bgn"/>
  <File Type="PLACE-TIMING" Name="multiplicador_timing_summary_placed.rpt"/>
  <File Type="POSTPLACE-PWROPT-DCP" Name="multiplicador_postplace_pwropt.dcp"/>
  <File Type="BG-BIN" Name="multiplicador.bin"/>
  <File Type="POSTPLACE-PWROPT-TIMING" Name="multiplicador_timing_summary_postplace_pwropted.rpt"/>
  <File Type="PHYSOPT-DCP" Name="multiplicador_physopt.dcp"/>
  <File Type="PHYSOPT-DRC" Name="multiplicador_drc_physopted.rpt"/>
  <File Type="BITSTR-MSK" Name="multiplicador.msk"/>
  <File Type="PHYSOPT-TIMING" Name="multiplicador_timing_summary_physopted.rpt"/>
  <File Type="ROUTE-ERROR-DCP" Name="multiplicador_routed_error.dcp"/>
  <File Type="ROUTE-DCP" Name="multiplicador_routed.dcp"/>
  <File Type="ROUTE-BLACKBOX-DCP" Name="multiplicador_routed_bb.dcp"/>
  <File Type="ROUTE-DRC" Name="multiplicador_drc_routed.rpt"/>
  <File Type="ROUTE-DRC-PB" Name="multiplicador_drc_routed.pb"/>
  <File Type="BITSTR-LTX" Name="debug_nets.ltx"/>
  <File Type="BITSTR-LTX" Name="multiplicador.ltx"/>
  <File Type="ROUTE-DRC-RPX" Name="multiplicador_drc_routed.rpx"/>
  <File Type="BITSTR-MMI" Name="multiplicador.mmi"/>
  <File Type="ROUTE-METHODOLOGY-DRC" Name="multiplicador_methodology_drc_routed.rpt"/>
  <File Type="ROUTE-METHODOLOGY-DRC-RPX" Name="multiplicador_methodology_drc_routed.rpx"/>
  <File Type="BITSTR-SYSDEF" Name="multiplicador.sysdef"/>
  <File Type="ROUTE-METHODOLOGY-DRC-PB" Name="multiplicador_methodology_drc_routed.pb"/>
  <File Type="ROUTE-PWR-RPX" Name="multiplicador_power_routed.rpx"/>
  <File Type="ROUTE-STATUS" Name="multiplicador_route_status.rpt"/>
  <File Type="ROUTE-STATUS-PB" Name="multiplicador_route_status.pb"/>
  <File Type="ROUTE-TIMINGSUMMARY" Name="multiplicador_timing_summary_routed.rpt"/>
  <File Type="ROUTE-TIMING-PB" Name="multiplicador_timing_summary_routed.pb"/>
  <File Type="ROUTE-TIMING-RPX" Name="multiplicador_timing_summary_routed.rpx"/>
  <File Type="ROUTE-SIMILARITY" Name="multiplicador_incremental_reuse_routed.rpt"/>
  <File Type="ROUTE-CLK" Name="multiplicador_clock_utilization_routed.rpt"/>
  <File Type="ROUTE-BUS-SKEW" Name="multiplicador_bus_skew_routed.rpt"/>
  <File Type="ROUTE-BUS-SKEW-PB" Name="multiplicador_bus_skew_routed.pb"/>
  <File Type="ROUTE-BUS-SKEW-RPX" Name="multiplicador_bus_skew_routed.rpx"/>
  <File Type="POSTROUTE-PHYSOPT-DCP" Name="multiplicador_postroute_physopt.dcp"/>
  <File Type="POSTROUTE-PHYSOPT-BLACKBOX-DCP" Name="multiplicador_postroute_physopt_bb.dcp"/>
  <File Type="POSTROUTE-PHYSOPT-TIMING" Name="multiplicador_timing_summary_postroute_physopted.rpt"/>
  <File Type="POSTROUTE-PHYSOPT-TIMING-PB" Name="multiplicador_timing_summary_postroute_physopted.pb"/>
  <File Type="POSTROUTE-PHYSOPT-TIMING-RPX" Name="multiplicador_timing_summary_postroute_physopted.rpx"/>
  <File Type="POSTROUTE-PHYSOPT-BUS-SKEW" Name="multiplicador_bus_skew_postroute_physopted.rpt"/>
  <File Type="POSTROUTE-PHYSOPT-BUS-SKEW-PB" Name="multiplicador_bus_skew_postroute_physopted.pb"/>
  <File Type="BG-BIT" Name="multiplicador.bit"/>
  <File Type="POSTROUTE-PHYSOPT-BUS-SKEW-RPX" Name="multiplicador_bus_skew_postroute_physopted.rpx"/>
  <File Type="BITSTR-RBT" Name="multiplicador.rbt"/>
  <File Type="BITSTR-NKY" Name="multiplicador.nky"/>
  <File Type="BG-DRC" Name="multiplicador.drc"/>
  <File Type="RDI-RDI" Name="multiplicador.vdi"/>
  <File Type="WBT-USG" Name="usage_statistics_webtalk.html"/>
  <FileSet Name="sources" Type="DesignSrcs" RelSrcDir="$PSRCDIR/sources_1">
    <Filter Type="Srcs"/>
    <File Path="$PSRCDIR/sources_1/imports/lab1a/adder.vhd">
      <FileInfo>
        <Attr Name="ImportPath" Val="$PPRDIR/../../Users/llama/Desktop/Mates-Infor/Tercero/TOC/Práctica 1/En casa/Codigo VHDL/lab1a/adder.vhd"/>
        <Attr Name="ImportTime" Val="1602931758"/>
        <Attr Name="UsedIn" Val="synthesis"/>
        <Attr Name="UsedIn" Val="simulation"/>
      </FileInfo>
    </File>
    <File Path="$PSRCDIR/sources_1/imports/Desktop/cd.vhd">
      <FileInfo>
        <Attr Name="ImportPath" Val="$PPRDIR/../../Users/llama/Desktop/cd.vhd"/>
        <Attr Name="ImportTime" Val="1386604790"/>
        <Attr Name="UsedIn" Val="synthesis"/>
        <Attr Name="UsedIn" Val="simulation"/>
      </FileInfo>
    </File>
    <File Path="$PSRCDIR/sources_1/new/mux.vhd">
      <FileInfo>
        <Attr Name="UsedIn" Val="synthesis"/>
        <Attr Name="UsedIn" Val="simulation"/>
      </FileInfo>
    </File>
    <File Path="$PSRCDIR/sources_1/new/mux_8bits_2op.vhd">
      <FileInfo>
        <Attr Name="UsedIn" Val="synthesis"/>
        <Attr Name="UsedIn" Val="simulation"/>
      </FileInfo>
    </File>
    <File Path="$PSRCDIR/sources_1/new/restador.vhd">
      <FileInfo>
        <Attr Name="UsedIn" Val="synthesis"/>
        <Attr Name="UsedIn" Val="simulation"/>
      </FileInfo>
    </File>
    <File Path="$PSRCDIR/sources_1/imports/Desktop/uc.vhd">
      <FileInfo>
        <Attr Name="ImportPath" Val="$PPRDIR/../../Users/llama/Desktop/uc.vhd"/>
        <Attr Name="ImportTime" Val="1386603770"/>
        <Attr Name="UsedIn" Val="synthesis"/>
        <Attr Name="UsedIn" Val="simulation"/>
      </FileInfo>
    </File>
    <File Path="$PSRCDIR/sources_1/new/multiplicador.vhd">
      <FileInfo>
        <Attr Name="UsedIn" Val="synthesis"/>
        <Attr Name="UsedIn" Val="simulation"/>
      </FileInfo>
    </File>
    <File Path="$PSRCDIR/sources_1/imports/Desktop/conv_7seg.vhd">
      <FileInfo>
        <Attr Name="AutoDisabled" Val="1"/>
        <Attr Name="ImportPath" Val="$PPRDIR/../../Users/llama/Desktop/conv_7seg.vhd"/>
        <Attr Name="ImportTime" Val="1569513404"/>
        <Attr Name="UsedIn" Val="synthesis"/>
        <Attr Name="UsedIn" Val="simulation"/>
      </FileInfo>
    </File>
    <File Path="$PSRCDIR/sources_1/imports/new/debouncer.vhd">
      <FileInfo>
        <Attr Name="AutoDisabled" Val="1"/>
        <Attr Name="ImportPath" Val="$PPRDIR/../../Users/llama/Desktop/Mates-Infor/Tercero/TOC/Práctica 2/En casa/candado_impl/candado_impl.srcs/sources_1/new/debouncer.vhd"/>
        <Attr Name="ImportTime" Val="1603460378"/>
        <Attr Name="UsedIn" Val="synthesis"/>
        <Attr Name="UsedIn" Val="simulation"/>
      </FileInfo>
    </File>
    <File Path="$PSRCDIR/sources_1/imports/Desktop/displays.vhd">
      <FileInfo>
        <Attr Name="AutoDisabled" Val="1"/>
        <Attr Name="ImportPath" Val="$PPRDIR/../../Users/llama/Desktop/displays.vhd"/>
        <Attr Name="ImportTime" Val="1573598110"/>
        <Attr Name="UsedIn" Val="synthesis"/>
        <Attr Name="UsedIn" Val="simulation"/>
      </FileInfo>
    </File>
    <File Path="$PSRCDIR/sources_1/new/modulo.vhd">
      <FileInfo>
        <Attr Name="AutoDisabled" Val="1"/>
        <Attr Name="UsedIn" Val="synthesis"/>
        <Attr Name="UsedIn" Val="simulation"/>
      </FileInfo>
    </File>
    <Config>
      <Option Name="DesignMode" Val="RTL"/>
      <Option Name="TopModule" Val="multiplicador"/>
    </Config>
  </FileSet>
  <FileSet Name="constrs_in" Type="Constrs" RelSrcDir="$PSRCDIR/constrs_1">
    <Filter Type="Constrs"/>
    <File Path="$PSRCDIR/constrs_1/imports/new/pins.xdc">
      <FileInfo>
        <Attr Name="ImportPath" Val="$PPRDIR/../../Users/llama/Desktop/Mates-Infor/Tercero/TOC/Práctica 2/En casa/candado_impl/candado_impl.srcs/constrs_1/new/pins.xdc"/>
        <Attr Name="ImportTime" Val="1603465730"/>
        <Attr Name="UsedIn" Val="synthesis"/>
        <Attr Name="UsedIn" Val="implementation"/>
      </FileInfo>
    </File>
    <Config>
      <Option Name="ConstrsType" Val="XDC"/>
    </Config>
  </FileSet>
  <FileSet Name="utils" Type="Utils" RelSrcDir="$PSRCDIR/utils_1">
    <Filter Type="Utils"/>
    <Config>
      <Option Name="TopAutoSet" Val="TRUE"/>
    </Config>
  </FileSet>
  <Strategy Version="1" Minor="2">
    <StratHandle Name="Vivado Implementation Defaults" Flow="Vivado Implementation 2019">
      <Desc>Default settings for Implementation.</Desc>
    </StratHandle>
    <Step Id="init_design"/>
    <Step Id="opt_design"/>
    <Step Id="power_opt_design"/>
    <Step Id="place_design"/>
    <Step Id="post_place_power_opt_design"/>
    <Step Id="phys_opt_design"/>
    <Step Id="route_design"/>
    <Step Id="post_route_phys_opt_design"/>
    <Step Id="write_bitstream"/>
  </Strategy>
</GenRun>
