<?xml version="1.0" encoding="UTF-8"?>
<GenRun Id="impl_1" LaunchPart="xc7a35tcpg236-1" LaunchTime="1607939447">
  <File Type="BITSTR-BMM" Name="tragaperras_bd.bmm"/>
  <File Type="OPT-METHODOLOGY-DRC" Name="tragaperras_methodology_drc_opted.rpt"/>
  <File Type="INIT-TIMING" Name="tragaperras_timing_summary_init.rpt"/>
  <File Type="ROUTE-PWR" Name="tragaperras_power_routed.rpt"/>
  <File Type="PA-TCL" Name="tragaperras.tcl"/>
  <File Type="OPT-TIMING" Name="tragaperras_timing_summary_opted.rpt"/>
  <File Type="OPT-DCP" Name="tragaperras_opt.dcp"/>
  <File Type="ROUTE-PWR-SUM" Name="tragaperras_power_summary_routed.pb"/>
  <File Type="REPORTS-TCL" Name="tragaperras_reports.tcl"/>
  <File Type="OPT-DRC" Name="tragaperras_drc_opted.rpt"/>
  <File Type="OPT-HWDEF" Name="tragaperras.hwdef"/>
  <File Type="PWROPT-DCP" Name="tragaperras_pwropt.dcp"/>
  <File Type="PWROPT-DRC" Name="tragaperras_drc_pwropted.rpt"/>
  <File Type="PWROPT-TIMING" Name="tragaperras_timing_summary_pwropted.rpt"/>
  <File Type="PLACE-DCP" Name="tragaperras_placed.dcp"/>
  <File Type="PLACE-IO" Name="tragaperras_io_placed.rpt"/>
  <File Type="PLACE-CLK" Name="tragaperras_clock_utilization_placed.rpt"/>
  <File Type="PLACE-UTIL" Name="tragaperras_utilization_placed.rpt"/>
  <File Type="PLACE-UTIL-PB" Name="tragaperras_utilization_placed.pb"/>
  <File Type="PLACE-CTRL" Name="tragaperras_control_sets_placed.rpt"/>
  <File Type="PLACE-SIMILARITY" Name="tragaperras_incremental_reuse_placed.rpt"/>
  <File Type="PLACE-PRE-SIMILARITY" Name="tragaperras_incremental_reuse_pre_placed.rpt"/>
  <File Type="BG-BGN" Name="tragaperras.bgn"/>
  <File Type="PLACE-TIMING" Name="tragaperras_timing_summary_placed.rpt"/>
  <File Type="POSTPLACE-PWROPT-DCP" Name="tragaperras_postplace_pwropt.dcp"/>
  <File Type="BG-BIN" Name="tragaperras.bin"/>
  <File Type="POSTPLACE-PWROPT-TIMING" Name="tragaperras_timing_summary_postplace_pwropted.rpt"/>
  <File Type="PHYSOPT-DCP" Name="tragaperras_physopt.dcp"/>
  <File Type="PHYSOPT-DRC" Name="tragaperras_drc_physopted.rpt"/>
  <File Type="BITSTR-MSK" Name="tragaperras.msk"/>
  <File Type="PHYSOPT-TIMING" Name="tragaperras_timing_summary_physopted.rpt"/>
  <File Type="ROUTE-ERROR-DCP" Name="tragaperras_routed_error.dcp"/>
  <File Type="ROUTE-DCP" Name="tragaperras_routed.dcp"/>
  <File Type="ROUTE-BLACKBOX-DCP" Name="tragaperras_routed_bb.dcp"/>
  <File Type="ROUTE-DRC" Name="tragaperras_drc_routed.rpt"/>
  <File Type="ROUTE-DRC-PB" Name="tragaperras_drc_routed.pb"/>
  <File Type="BITSTR-LTX" Name="debug_nets.ltx"/>
  <File Type="BITSTR-LTX" Name="tragaperras.ltx"/>
  <File Type="ROUTE-DRC-RPX" Name="tragaperras_drc_routed.rpx"/>
  <File Type="BITSTR-MMI" Name="tragaperras.mmi"/>
  <File Type="ROUTE-METHODOLOGY-DRC" Name="tragaperras_methodology_drc_routed.rpt"/>
  <File Type="ROUTE-METHODOLOGY-DRC-RPX" Name="tragaperras_methodology_drc_routed.rpx"/>
  <File Type="BITSTR-SYSDEF" Name="tragaperras.sysdef"/>
  <File Type="ROUTE-METHODOLOGY-DRC-PB" Name="tragaperras_methodology_drc_routed.pb"/>
  <File Type="ROUTE-PWR-RPX" Name="tragaperras_power_routed.rpx"/>
  <File Type="ROUTE-STATUS" Name="tragaperras_route_status.rpt"/>
  <File Type="ROUTE-STATUS-PB" Name="tragaperras_route_status.pb"/>
  <File Type="ROUTE-TIMINGSUMMARY" Name="tragaperras_timing_summary_routed.rpt"/>
  <File Type="ROUTE-TIMING-PB" Name="tragaperras_timing_summary_routed.pb"/>
  <File Type="ROUTE-TIMING-RPX" Name="tragaperras_timing_summary_routed.rpx"/>
  <File Type="ROUTE-SIMILARITY" Name="tragaperras_incremental_reuse_routed.rpt"/>
  <File Type="ROUTE-CLK" Name="tragaperras_clock_utilization_routed.rpt"/>
  <File Type="ROUTE-BUS-SKEW" Name="tragaperras_bus_skew_routed.rpt"/>
  <File Type="ROUTE-BUS-SKEW-PB" Name="tragaperras_bus_skew_routed.pb"/>
  <File Type="ROUTE-BUS-SKEW-RPX" Name="tragaperras_bus_skew_routed.rpx"/>
  <File Type="POSTROUTE-PHYSOPT-DCP" Name="tragaperras_postroute_physopt.dcp"/>
  <File Type="POSTROUTE-PHYSOPT-BLACKBOX-DCP" Name="tragaperras_postroute_physopt_bb.dcp"/>
  <File Type="POSTROUTE-PHYSOPT-TIMING" Name="tragaperras_timing_summary_postroute_physopted.rpt"/>
  <File Type="POSTROUTE-PHYSOPT-TIMING-PB" Name="tragaperras_timing_summary_postroute_physopted.pb"/>
  <File Type="POSTROUTE-PHYSOPT-TIMING-RPX" Name="tragaperras_timing_summary_postroute_physopted.rpx"/>
  <File Type="POSTROUTE-PHYSOPT-BUS-SKEW" Name="tragaperras_bus_skew_postroute_physopted.rpt"/>
  <File Type="POSTROUTE-PHYSOPT-BUS-SKEW-PB" Name="tragaperras_bus_skew_postroute_physopted.pb"/>
  <File Type="BG-BIT" Name="tragaperras.bit"/>
  <File Type="POSTROUTE-PHYSOPT-BUS-SKEW-RPX" Name="tragaperras_bus_skew_postroute_physopted.rpx"/>
  <File Type="BITSTR-RBT" Name="tragaperras.rbt"/>
  <File Type="BITSTR-NKY" Name="tragaperras.nky"/>
  <File Type="BG-DRC" Name="tragaperras.drc"/>
  <File Type="RDI-RDI" Name="tragaperras.vdi"/>
  <File Type="WBT-USG" Name="usage_statistics_webtalk.html"/>
  <FileSet Name="sources" Type="DesignSrcs" RelSrcDir="$PSRCDIR/sources_1">
    <Filter Type="Srcs"/>
    <File Path="$PSRCDIR/sources_1/new/conv_7seg.vhd">
      <FileInfo>
        <Attr Name="UsedIn" Val="synthesis"/>
        <Attr Name="UsedIn" Val="simulation"/>
      </FileInfo>
    </File>
    <File Path="$PSRCDIR/sources_1/new/debouncer.vhd">
      <FileInfo>
        <Attr Name="UsedIn" Val="synthesis"/>
        <Attr Name="UsedIn" Val="simulation"/>
      </FileInfo>
    </File>
    <File Path="$PSRCDIR/sources_1/new/displays.vhd">
      <FileInfo>
        <Attr Name="UsedIn" Val="synthesis"/>
        <Attr Name="UsedIn" Val="simulation"/>
      </FileInfo>
    </File>
    <File Path="$PSRCDIR/sources_1/new/divisor.vhd">
      <FileInfo>
        <Attr Name="UsedIn" Val="synthesis"/>
        <Attr Name="UsedIn" Val="simulation"/>
      </FileInfo>
    </File>
    <File Path="$PSRCDIR/sources_1/new/ruta_datos.vhd">
      <FileInfo>
        <Attr Name="UsedIn" Val="synthesis"/>
        <Attr Name="UsedIn" Val="simulation"/>
      </FileInfo>
    </File>
    <File Path="$PSRCDIR/sources_1/new/unidad_control.vhd">
      <FileInfo>
        <Attr Name="UsedIn" Val="synthesis"/>
        <Attr Name="UsedIn" Val="simulation"/>
      </FileInfo>
    </File>
    <File Path="$PSRCDIR/sources_1/new/modulo_tragaperras.vhd">
      <FileInfo>
        <Attr Name="UsedIn" Val="synthesis"/>
        <Attr Name="UsedIn" Val="simulation"/>
      </FileInfo>
    </File>
    <File Path="$PPRDIR/../../Users/llama/Desktop/tragaperras_mem_ini_file_1.coe">
      <FileInfo>
        <Attr Name="UsedIn" Val="synthesis"/>
        <Attr Name="UsedIn" Val="simulation"/>
      </FileInfo>
    </File>
    <File Path="$PPRDIR/../../Users/llama/Desktop/tragaperras_mem_ini_file_2.coe">
      <FileInfo>
        <Attr Name="UsedIn" Val="synthesis"/>
        <Attr Name="UsedIn" Val="simulation"/>
      </FileInfo>
    </File>
    <Config>
      <Option Name="DesignMode" Val="RTL"/>
      <Option Name="TopModule" Val="tragaperras"/>
      <Option Name="TopAutoSet" Val="TRUE"/>
    </Config>
  </FileSet>
  <FileSet Name="constrs_in" Type="Constrs" RelSrcDir="$PSRCDIR/constrs_1">
    <Filter Type="Constrs"/>
    <File Path="$PSRCDIR/constrs_1/new/pins.xdc">
      <FileInfo>
        <Attr Name="UsedIn" Val="synthesis"/>
        <Attr Name="UsedIn" Val="implementation"/>
      </FileInfo>
    </File>
    <Config>
      <Option Name="ConstrsType" Val="XDC"/>
    </Config>
  </FileSet>
  <FileSet Name="utils" Type="Utils" RelSrcDir="$PSRCDIR/utils_1">
    <Filter Type="Utils"/>
    <Config>
      <Option Name="TopAutoSet" Val="TRUE"/>
    </Config>
  </FileSet>
  <Strategy Version="1" Minor="2">
    <StratHandle Name="Vivado Implementation Defaults" Flow="Vivado Implementation 2019">
      <Desc>Default settings for Implementation.</Desc>
    </StratHandle>
    <Step Id="init_design"/>
    <Step Id="opt_design"/>
    <Step Id="power_opt_design"/>
    <Step Id="place_design"/>
    <Step Id="post_place_power_opt_design"/>
    <Step Id="phys_opt_design"/>
    <Step Id="route_design"/>
    <Step Id="post_route_phys_opt_design"/>
    <Step Id="write_bitstream"/>
  </Strategy>
  <BlockFileSet Type="BlockSrcs" Name="memoria1"/>
  <BlockFileSet Type="BlockSrcs" Name="memoria2"/>
</GenRun>
