<?xml version="1.0" encoding="UTF-8"?>
<GenRun Id="impl_1" LaunchPart="xc7a35tcpg236-1" LaunchTime="1602946140">
  <File Type="BITSTR-BMM" Name="registro_paralelo_divisor_bd.bmm"/>
  <File Type="OPT-METHODOLOGY-DRC" Name="registro_paralelo_divisor_methodology_drc_opted.rpt"/>
  <File Type="INIT-TIMING" Name="registro_paralelo_divisor_timing_summary_init.rpt"/>
  <File Type="ROUTE-PWR" Name="registro_paralelo_divisor_power_routed.rpt"/>
  <File Type="PA-TCL" Name="registro_paralelo_divisor.tcl"/>
  <File Type="OPT-TIMING" Name="registro_paralelo_divisor_timing_summary_opted.rpt"/>
  <File Type="OPT-DCP" Name="registro_paralelo_divisor_opt.dcp"/>
  <File Type="ROUTE-PWR-SUM" Name="registro_paralelo_divisor_power_summary_routed.pb"/>
  <File Type="REPORTS-TCL" Name="registro_paralelo_divisor_reports.tcl"/>
  <File Type="OPT-DRC" Name="registro_paralelo_divisor_drc_opted.rpt"/>
  <File Type="OPT-HWDEF" Name="registro_paralelo_divisor.hwdef"/>
  <File Type="PWROPT-DCP" Name="registro_paralelo_divisor_pwropt.dcp"/>
  <File Type="PWROPT-DRC" Name="registro_paralelo_divisor_drc_pwropted.rpt"/>
  <File Type="PWROPT-TIMING" Name="registro_paralelo_divisor_timing_summary_pwropted.rpt"/>
  <File Type="PLACE-DCP" Name="registro_paralelo_divisor_placed.dcp"/>
  <File Type="PLACE-IO" Name="registro_paralelo_divisor_io_placed.rpt"/>
  <File Type="PLACE-CLK" Name="registro_paralelo_divisor_clock_utilization_placed.rpt"/>
  <File Type="PLACE-UTIL" Name="registro_paralelo_divisor_utilization_placed.rpt"/>
  <File Type="PLACE-UTIL-PB" Name="registro_paralelo_divisor_utilization_placed.pb"/>
  <File Type="PLACE-CTRL" Name="registro_paralelo_divisor_control_sets_placed.rpt"/>
  <File Type="PLACE-SIMILARITY" Name="registro_paralelo_divisor_incremental_reuse_placed.rpt"/>
  <File Type="PLACE-PRE-SIMILARITY" Name="registro_paralelo_divisor_incremental_reuse_pre_placed.rpt"/>
  <File Type="BG-BGN" Name="registro_paralelo_divisor.bgn"/>
  <File Type="PLACE-TIMING" Name="registro_paralelo_divisor_timing_summary_placed.rpt"/>
  <File Type="POSTPLACE-PWROPT-DCP" Name="registro_paralelo_divisor_postplace_pwropt.dcp"/>
  <File Type="BG-BIN" Name="registro_paralelo_divisor.bin"/>
  <File Type="POSTPLACE-PWROPT-TIMING" Name="registro_paralelo_divisor_timing_summary_postplace_pwropted.rpt"/>
  <File Type="PHYSOPT-DCP" Name="registro_paralelo_divisor_physopt.dcp"/>
  <File Type="PHYSOPT-DRC" Name="registro_paralelo_divisor_drc_physopted.rpt"/>
  <File Type="BITSTR-MSK" Name="registro_paralelo_divisor.msk"/>
  <File Type="PHYSOPT-TIMING" Name="registro_paralelo_divisor_timing_summary_physopted.rpt"/>
  <File Type="ROUTE-ERROR-DCP" Name="registro_paralelo_divisor_routed_error.dcp"/>
  <File Type="ROUTE-DCP" Name="registro_paralelo_divisor_routed.dcp"/>
  <File Type="ROUTE-BLACKBOX-DCP" Name="registro_paralelo_divisor_routed_bb.dcp"/>
  <File Type="ROUTE-DRC" Name="registro_paralelo_divisor_drc_routed.rpt"/>
  <File Type="ROUTE-DRC-PB" Name="registro_paralelo_divisor_drc_routed.pb"/>
  <File Type="BITSTR-LTX" Name="debug_nets.ltx"/>
  <File Type="BITSTR-LTX" Name="registro_paralelo_divisor.ltx"/>
  <File Type="ROUTE-DRC-RPX" Name="registro_paralelo_divisor_drc_routed.rpx"/>
  <File Type="BITSTR-MMI" Name="registro_paralelo_divisor.mmi"/>
  <File Type="ROUTE-METHODOLOGY-DRC" Name="registro_paralelo_divisor_methodology_drc_routed.rpt"/>
  <File Type="ROUTE-METHODOLOGY-DRC-RPX" Name="registro_paralelo_divisor_methodology_drc_routed.rpx"/>
  <File Type="BITSTR-SYSDEF" Name="registro_paralelo_divisor.sysdef"/>
  <File Type="ROUTE-METHODOLOGY-DRC-PB" Name="registro_paralelo_divisor_methodology_drc_routed.pb"/>
  <File Type="ROUTE-PWR-RPX" Name="registro_paralelo_divisor_power_routed.rpx"/>
  <File Type="ROUTE-STATUS" Name="registro_paralelo_divisor_route_status.rpt"/>
  <File Type="ROUTE-STATUS-PB" Name="registro_paralelo_divisor_route_status.pb"/>
  <File Type="ROUTE-TIMINGSUMMARY" Name="registro_paralelo_divisor_timing_summary_routed.rpt"/>
  <File Type="ROUTE-TIMING-PB" Name="registro_paralelo_divisor_timing_summary_routed.pb"/>
  <File Type="ROUTE-TIMING-RPX" Name="registro_paralelo_divisor_timing_summary_routed.rpx"/>
  <File Type="ROUTE-SIMILARITY" Name="registro_paralelo_divisor_incremental_reuse_routed.rpt"/>
  <File Type="ROUTE-CLK" Name="registro_paralelo_divisor_clock_utilization_routed.rpt"/>
  <File Type="ROUTE-BUS-SKEW" Name="registro_paralelo_divisor_bus_skew_routed.rpt"/>
  <File Type="ROUTE-BUS-SKEW-PB" Name="registro_paralelo_divisor_bus_skew_routed.pb"/>
  <File Type="ROUTE-BUS-SKEW-RPX" Name="registro_paralelo_divisor_bus_skew_routed.rpx"/>
  <File Type="POSTROUTE-PHYSOPT-DCP" Name="registro_paralelo_divisor_postroute_physopt.dcp"/>
  <File Type="POSTROUTE-PHYSOPT-BLACKBOX-DCP" Name="registro_paralelo_divisor_postroute_physopt_bb.dcp"/>
  <File Type="POSTROUTE-PHYSOPT-TIMING" Name="registro_paralelo_divisor_timing_summary_postroute_physopted.rpt"/>
  <File Type="POSTROUTE-PHYSOPT-TIMING-PB" Name="registro_paralelo_divisor_timing_summary_postroute_physopted.pb"/>
  <File Type="POSTROUTE-PHYSOPT-TIMING-RPX" Name="registro_paralelo_divisor_timing_summary_postroute_physopted.rpx"/>
  <File Type="POSTROUTE-PHYSOPT-BUS-SKEW" Name="registro_paralelo_divisor_bus_skew_postroute_physopted.rpt"/>
  <File Type="POSTROUTE-PHYSOPT-BUS-SKEW-PB" Name="registro_paralelo_divisor_bus_skew_postroute_physopted.pb"/>
  <File Type="BG-BIT" Name="registro_paralelo_divisor.bit"/>
  <File Type="POSTROUTE-PHYSOPT-BUS-SKEW-RPX" Name="registro_paralelo_divisor_bus_skew_postroute_physopted.rpx"/>
  <File Type="BITSTR-RBT" Name="registro_paralelo_divisor.rbt"/>
  <File Type="BITSTR-NKY" Name="registro_paralelo_divisor.nky"/>
  <File Type="BG-DRC" Name="registro_paralelo_divisor.drc"/>
  <File Type="RDI-RDI" Name="registro_paralelo_divisor.vdi"/>
  <File Type="WBT-USG" Name="usage_statistics_webtalk.html"/>
  <FileSet Name="sources" Type="DesignSrcs" RelSrcDir="$PSRCDIR/sources_1">
    <Filter Type="Srcs"/>
    <File Path="$PSRCDIR/sources_1/new/divisor.vhd">
      <FileInfo>
        <Attr Name="UsedIn" Val="synthesis"/>
        <Attr Name="UsedIn" Val="simulation"/>
      </FileInfo>
    </File>
    <File Path="$PSRCDIR/sources_1/new/registro.vhd">
      <FileInfo>
        <Attr Name="UsedIn" Val="synthesis"/>
        <Attr Name="UsedIn" Val="simulation"/>
      </FileInfo>
    </File>
    <File Path="$PSRCDIR/sources_1/new/reg_div.vhd">
      <FileInfo>
        <Attr Name="UsedIn" Val="synthesis"/>
        <Attr Name="UsedIn" Val="simulation"/>
      </FileInfo>
    </File>
    <Config>
      <Option Name="DesignMode" Val="RTL"/>
      <Option Name="TopModule" Val="registro_paralelo_divisor"/>
    </Config>
  </FileSet>
  <FileSet Name="constrs_in" Type="Constrs" RelSrcDir="$PSRCDIR/constrs_1">
    <Filter Type="Constrs"/>
    <File Path="$PSRCDIR/constrs_1/new/pins.xdc">
      <FileInfo>
        <Attr Name="UsedIn" Val="synthesis"/>
        <Attr Name="UsedIn" Val="implementation"/>
      </FileInfo>
    </File>
    <Config>
      <Option Name="ConstrsType" Val="XDC"/>
    </Config>
  </FileSet>
  <FileSet Name="utils" Type="Utils" RelSrcDir="$PSRCDIR/utils_1">
    <Filter Type="Utils"/>
    <Config>
      <Option Name="TopAutoSet" Val="TRUE"/>
    </Config>
  </FileSet>
  <Strategy Version="1" Minor="2">
    <StratHandle Name="Vivado Implementation Defaults" Flow="Vivado Implementation 2019">
      <Desc>Default settings for Implementation.</Desc>
    </StratHandle>
    <Step Id="init_design"/>
    <Step Id="opt_design"/>
    <Step Id="power_opt_design"/>
    <Step Id="place_design"/>
    <Step Id="post_place_power_opt_design"/>
    <Step Id="phys_opt_design"/>
    <Step Id="route_design"/>
    <Step Id="post_route_phys_opt_design"/>
    <Step Id="write_bitstream"/>
  </Strategy>
</GenRun>
