<?xml version="1.0" encoding="UTF-8"?>
<GenRun Id="DCM_100MHz_10MHz_synth_1" LaunchPart="xc7a35tcpg236-1" LaunchTime="1575026681">
  <File Type="PA-TCL" Name="DCM_100MHz_10MHz.tcl"/>
  <File Type="REPORTS-TCL" Name="DCM_100MHz_10MHz_reports.tcl"/>
  <File Type="RDS-RDS" Name="DCM_100MHz_10MHz.vds"/>
  <File Type="RDS-UTIL" Name="DCM_100MHz_10MHz_utilization_synth.rpt"/>
  <File Type="RDS-UTIL-PB" Name="DCM_100MHz_10MHz_utilization_synth.pb"/>
  <File Type="RDS-DCP" Name="DCM_100MHz_10MHz.dcp"/>
  <FileSet Name="sources" Type="BlockSrcs" RelSrcDir="$PSRCDIR/DCM_100MHz_10MHz">
    <File Path="$PSRCDIR/sources_1/ip/DCM_100MHz_10MHz/DCM_100MHz_10MHz.xci">
      <FileInfo>
        <Attr Name="UsedIn" Val="synthesis"/>
        <Attr Name="UsedIn" Val="implementation"/>
        <Attr Name="UsedIn" Val="simulation"/>
      </FileInfo>
    </File>
    <Config>
      <Option Name="TopModule" Val="DCM_100MHz_10MHz"/>
      <Option Name="UseBlackboxStub" Val="1"/>
    </Config>
  </FileSet>
  <FileSet Name="constrs_in" Type="BlockSrcs" RelSrcDir="$PSRCDIR/DCM_100MHz_10MHz">
    <File Path="$PSRCDIR/sources_1/ip/DCM_100MHz_10MHz/DCM_100MHz_10MHz.xci">
      <FileInfo>
        <Attr Name="UsedIn" Val="synthesis"/>
        <Attr Name="UsedIn" Val="implementation"/>
        <Attr Name="UsedIn" Val="simulation"/>
      </FileInfo>
    </File>
    <Config>
      <Option Name="TopModule" Val="DCM_100MHz_10MHz"/>
      <Option Name="UseBlackboxStub" Val="1"/>
    </Config>
  </FileSet>
  <FileSet Name="utils" Type="Utils" RelSrcDir="$PSRCDIR/utils_1">
    <Filter Type="Utils"/>
    <Config>
      <Option Name="TopAutoSet" Val="TRUE"/>
    </Config>
  </FileSet>
  <Strategy Version="1" Minor="2">
    <StratHandle Name="Vivado Synthesis Defaults" Flow="Vivado Synthesis 2019"/>
    <Step Id="synth_design"/>
  </Strategy>
</GenRun>
