<?xml version="1.0" encoding="UTF-8"?>
<GenRun Id="memoria2_synth_1" LaunchPart="xc7a35tcpg236-1" LaunchTime="1607938047">
  <File Type="PA-TCL" Name="memoria2.tcl"/>
  <File Type="RDS-PROPCONSTRS" Name="memoria2_drc_synth.rpt"/>
  <File Type="REPORTS-TCL" Name="memoria2_reports.tcl"/>
  <File Type="RDS-RDS" Name="memoria2.vds"/>
  <File Type="RDS-UTIL" Name="memoria2_utilization_synth.rpt"/>
  <File Type="RDS-UTIL-PB" Name="memoria2_utilization_synth.pb"/>
  <File Type="RDS-DCP" Name="memoria2.dcp"/>
  <File Type="VDS-TIMINGSUMMARY" Name="memoria2_timing_summary_synth.rpt"/>
  <File Type="VDS-TIMING-PB" Name="memoria2_timing_summary_synth.pb"/>
  <FileSet Name="sources" Type="BlockSrcs" RelSrcDir="$PSRCDIR/memoria2">
    <File Path="$PSRCDIR/sources_1/ip/memoria2/memoria2.xci">
      <FileInfo>
        <Attr Name="UsedIn" Val="synthesis"/>
        <Attr Name="UsedIn" Val="implementation"/>
        <Attr Name="UsedIn" Val="simulation"/>
      </FileInfo>
    </File>
    <Config>
      <Option Name="TopModule" Val="memoria2"/>
      <Option Name="UseBlackboxStub" Val="1"/>
    </Config>
  </FileSet>
  <FileSet Name="constrs_in" Type="BlockSrcs" RelSrcDir="$PSRCDIR/memoria2">
    <File Path="$PSRCDIR/sources_1/ip/memoria2/memoria2.xci">
      <FileInfo>
        <Attr Name="UsedIn" Val="synthesis"/>
        <Attr Name="UsedIn" Val="implementation"/>
        <Attr Name="UsedIn" Val="simulation"/>
      </FileInfo>
    </File>
    <Config>
      <Option Name="TopModule" Val="memoria2"/>
      <Option Name="UseBlackboxStub" Val="1"/>
    </Config>
  </FileSet>
  <FileSet Name="utils" Type="Utils" RelSrcDir="$PSRCDIR/utils_1">
    <Filter Type="Utils"/>
    <Config>
      <Option Name="TopAutoSet" Val="TRUE"/>
    </Config>
  </FileSet>
  <Strategy Version="1" Minor="2">
    <StratHandle Name="Vivado Synthesis Defaults" Flow="Vivado Synthesis 2019">
      <Desc>Vivado Synthesis Defaults</Desc>
    </StratHandle>
    <Step Id="synth_design"/>
  </Strategy>
</GenRun>
